Roll,Pitch,Yaw
0.01,0.02,0.15
0.01,0.02,0.15
0.01,0.02,0.15
0.01,0.02,0.15
0.01,0.02,0.15
0.01,0.02,0.15
0.01,0.02,0.15
0.02,0.01,0.15
0.02,-0.03,0.15
0.02,-0.01,0.15
0.02,0.04,0.14
0.01,0,0.14
0,-0.04,0.15
0.01,-0.02,0.15
0.01,0,0.15
0.01,0.07,0.14
0.01,0.06,0.15
0.01,0.09,0.15
0.01,0.09,0.15
0.01,0.07,0.15
0.01,0.05,0.15
0.02,0.04,0.15
0.01,0.04,0.15
0.02,0.01,0.14
0.01,0,0.14
0.01,0,0.14
0,0,0.14
0,0,0.14
0,0.02,0.14
0,0.03,0.14
0,0.03,0.15
0,0.03,0.15
0.01,0.05,0.15
0.01,0.06,0.15
0.02,0.05,0.15
0.02,0.05,0.15
0.02,0.05,0.15
0.02,0.04,0.14
0.02,0.03,0.14
0.01,0.01,0.14
0.01,0.01,0.14
0.01,0.01,0.14
0.01,0,0.14
0,0.01,0.14
0,0.01,0.14
0.01,0.02,0.15
0.01,0.02,0.15
0.01,0.03,0.15
0.01,0.04,0.15
0.02,0.04,0.15
0.02,0.04,0.15
0.02,0.05,0.15
0.02,0.04,0.14
0.02,0.04,0.14
0.01,0.03,0.14
0.01,0.02,0.14
0,0.02,0.14
0,0.02,0.14
0.01,0.01,0.14
0.01,0.01,0.14
0.01,0.01,0.14
0.01,0.02,0.14
0.01,0.02,0.14
0.01,0.02,0.14
0.01,0.03,0.14
0.01,0.03,0.14
0.01,0.04,0.14
0.01,0.04,0.14
0.01,0.04,0.14
0.01,0.03,0.14
0.01,0.02,0.14
0.01,0.02,0.14
0.01,0.02,0.14
0.01,0.02,0.14
0.01,0.01,0.14
0.01,0.01,0.14
0.01,0.02,0.14
0.01,0.02,0.14
0.01,0.02,0.14
0.01,0.02,0.14
0.01,0.02,0.14
0.01,0.03,0.14
0.01,0.03,0.14
0.01,0.02,0.15
0.01,0.03,0.15
0.01,0.02,0.14
0.01,0.02,0.14
0.02,0.02,0.14
0,0.02,0.14
0.01,0.02,0.14
0.01,0.02,0.14
0.01,0.02,0.14
0,0.02,0.14
0,0.03,0.14
0.01,0.02,0.14
0.01,0.02,0.14
0.01,0.02,0.14
0.01,0.02,0.14
0.01,0.02,0.14
0.02,0.02,0.14
0.02,0.02,0.14
0.01,0.02,0.14
0.01,0.02,0.14
0.01,0.02,0.14
0.01,0.02,0.14
0.01,0.02,0.14
0.01,0.02,0.14
0.01,0.02,0.14
0,0.03,0.14
0,0.03,0.14
0.01,0.02,0.14
0.01,0.03,0.14
0.01,0.03,0.14
0.01,0.03,0.14
0.01,0.02,0.14
0.01,0.02,0.14
0.01,0.02,0.14
0.01,0.02,0.14
0.01,0.02,0.14
0.01,0.02,0.14
0.01,0.02,0.14
0.01,0.02,0.14
0.01,0.02,0.14
0.01,0.02,0.14
0.01,0.02,0.14
0.01,0.02,0.14
0.01,0.02,0.14
0.01,0.02,0.14
0.01,0.02,0.14
0.01,0.02,0.14
0.02,0.02,0.14
0.02,0.02,0.14
0.02,0.02,0.14
0.02,0.02,0.14
0.02,0.02,0.14
0.02,0.01,0.14
0.02,0.01,0.14
0.03,0.02,0.14
0.03,0.02,0.14
0.03,0.02,0.14
0.03,0.02,0.14
0.03,0.02,0.14
0.02,0.02,0.14
0.03,0.02,0.14
0.03,0.02,0.14
0.03,0.02,0.14
0.03,0.02,0.14
0.03,0.02,0.14
0.03,0.02,0.14
0.03,0.02,0.12
0.03,0.02,0.14
0.03,0.02,0.14
0.03,0.02,0.15
0.03,0.02,0.14
0.03,0.02,0.12
0.03,0.02,0.14
0.03,0.02,0.14
0.02,0.02,0.15
0.03,0.03,0.14
0.03,0.03,0.14
0.03,0.02,0.14
0.03,0.02,0.14
0.03,0.02,0.15
0.03,0.02,0.14
0.03,0.02,0.14
0.03,0.02,0.14
0.03,0.02,0.15
0.03,0.02,0.15
0.04,0.02,0.14
0.04,0.02,0.12
0.04,0.02,0.12
0.03,0.02,0.15
0.03,0.02,0.15
0.03,0.02,0.14
0.05,0.02,0.12
0.04,0.01,0.15
0.03,0.01,0.15
0.03,0.01,0.15
0.04,0.01,0.15
0.04,0.01,0.14
0.03,0.01,0.15
0.03,0.02,0.14
0.03,0.02,0.14
0.03,0.02,0.14
0.03,0.01,0.14
0.03,0.01,0.14
0.03,0.02,0.14
0.04,0.01,0.15
0.04,0.01,0.15
0.04,0.01,0.15
0.03,0.01,0.15
0.04,0.01,0.15
0.04,0.01,0.15
0.04,0.02,0.12
0.04,0.02,0.14
0.03,0.01,0.14
0.03,0.01,0.15
0.04,0.01,0.15
0.04,0.01,0.14
0.04,0.01,0.15
0.04,0.01,0.15
0.04,0.01,0.15
0.05,0.02,0.14
0.05,0.02,0.12
0.04,0.01,0.15
0.03,0.01,0.15
0.03,0.01,0.15
0.03,0.01,0.14
0.04,0,0.14
0.03,0.01,0.14
0.03,0.01,0.15
0.03,0.01,0.15
0.04,0,0.14
0.04,0.01,0.12
0.04,0.01,0.14
0.04,0.01,0.15
0.03,0.01,0.14
0.04,0.01,0.14
0.04,0.01,0.12
0.04,0.01,0.14
0.03,0.01,0.14
0.03,0.01,0.14
0.04,0,0.14
0.04,0,0.14
0.04,0,0.12
0.04,0.01,0.14
0.03,0.01,0.15
0.04,0.01,0.15
0.04,0.01,0.14
0.05,0.02,0.12
0.04,0.02,0.12
0.02,0.01,0.15
0.04,0.01,0.15
0.04,0.01,0.15
0.06,0,0.12
0.05,0,0.14
0.04,0,0.15
0.04,0,0.15
0.04,0,0.14
0.05,0.01,0.12
0.04,0.01,0.12
0.03,0.01,0.14
0.03,0.01,0.14
0.03,0.01,0.14
0.04,0.01,0.12
0.04,0.01,0.12
0.04,0.01,0.14
0.04,0.01,0.15
0.05,0.01,0.14
0.05,0.01,0.12
0.04,0.01,0.14
0.04,0.01,0.14
0.04,0.01,0.15
0.04,0.01,0.14
0.04,0.01,0.12
0.04,0.01,0.14
0.04,0.01,0.15
0.04,0.01,0.15
0.04,0.01,0.14
0.04,0.01,0.14
0.04,0.01,0.14
0.04,0.01,0.14
0.04,0.01,0.15
0.04,0.01,0.14
0.04,0.01,0.14
0.04,0.01,0.14
0.04,0.01,0.14
0.04,0.01,0.14
0.04,0.01,0.14
0.04,0.01,0.14
0.04,0,0.14
0.04,0,0.14
0.04,0.01,0.14
0.04,0.01,0.14
0.04,0.01,0.14
0.04,0.01,0.14
0.04,0.01,0.14
0.04,0.01,0.14
0.04,0.01,0.14
0.04,0.01,0.14
0.04,0.01,0.12
0.04,0.01,0.12
0.04,0.01,0.12
0.04,0.01,0.15
0.04,0.01,0.15
0.04,0,0.14
0.04,0,0.14
0.04,0,0.14
0.04,0.01,0.14
0.04,0.01,0.14
0.03,0.01,0.14
0.03,0.01,0.14
0.04,0.02,0.14
0.03,0.01,0.14
0.03,0.01,0.14
0.03,0.01,0.14
0.04,0.02,0.14
0.04,0.02,0.14
0.04,0,0.14
0.04,0.01,0.15
0.04,0.01,0.15
0.04,0.02,0.14
0.04,0.01,0.14
0.04,0.01,0.14
0.03,0.02,0.14
0.03,0.02,0.14
0.04,0.01,0.14
0.04,0.02,0.14
0.04,0.02,0.14
0.04,0.02,0.14
0.04,0.02,0.14
0.04,0.01,0.14
0.04,0.02,0.12
0.04,0.02,0.12
0.04,0.01,0.14
0.04,0.01,0.14
0.04,0.02,0.14
0.04,0.02,0.12
0.04,0.01,0.12
0.04,0.02,0.14
0.04,0.02,0.14
0.04,0.01,0.14
0.04,0.01,0.12
0.05,0.02,0.14
0.04,0.02,0.14
0.04,0.02,0.14
0.05,0.02,0.14
0.05,0.02,0.12
0.05,0.02,0.12
0.05,0.02,0.12
0.04,0.02,0.14
0.04,0.02,0.12
0.05,0.02,0.12
0.05,0.02,0.12
0.04,0.01,0.12
0.04,0.02,0.14
0.04,0.02,0.12
0.05,0.02,0.12
0.05,0.02,0.12
0.05,0.02,0.12
0.04,0.01,0.12
0.04,0.01,0.14
0.04,0.02,0.12
0.04,0.02,0.12
0.04,0.01,0.12
0.04,0.01,0.14
0.04,0.01,0.14
0.04,0.01,0.12
0.04,0.01,0.12
0.04,0.01,0.12
0.04,0.01,0.12
0.04,0.01,0.12
0.04,0.01,0.12
0.04,0.02,0.12
0.04,0.02,0.12
0.04,0.02,0.12
0.04,0.02,0.12
0.04,0.02,0.12
0.04,0.03,0.12
0.04,0.01,0.12
0.04,0.01,0.12
0.04,0.01,0.12
0.04,0.01,0.12
0.04,0.01,0.12
0.04,0.01,0.12
0.04,0.01,0.12
0.04,0.01,0.12
0.04,0.01,0.12
0.04,0.01,0.12
0.04,0.01,0.12
0.04,0.02,0.12
0.04,0.02,0.12
0.04,0.01,0.12
0.04,0.02,0.12
0.05,0.02,0.12
0.05,0.02,0.12
0.04,0.01,0.12
0.05,0.02,0.12
0.05,0.02,0.12
0.04,0.01,0.12
0.04,0.01,0.12
0.04,0.01,0.12
0.04,0.01,0.12
0.04,0.01,0.12
0.04,0.01,0.12
0.04,0.01,0.12
0.05,0.02,0.12
0.05,0.02,0.12
0.04,0.02,0.12
0.05,0.02,0.12
0.04,0.01,0.12
0.04,0.01,0.12
0.05,0.02,0.12
0.04,0.02,0.12
0.04,0.01,0.12
0.04,0.02,0.12
0.04,0.02,0.12
0.04,0.02,0.12
0.04,0.02,0.12
0.04,0.03,0.14
0.04,0.03,0.12
0.05,0.02,0.12
0.04,0.01,0.12
0.04,0.01,0.12
0.04,0.03,0.14
0.04,0.02,0.12
0.04,0.01,0.12
0.05,0.02,0.12
0.04,0.02,0.12
0.04,0.02,0.12
0.04,0.01,0.14
0.04,0.03,0.12
0.04,0.02,0.12
0.04,0.02,0.12
0.03,0.01,0.14
0.03,0.02,0.12
0.03,0.02,0.12
0.03,0.01,0.12
0.03,0.01,0.12
0.03,0.02,0.14
0.03,0.02,0.14
0.04,0.01,0.12
0.04,0.01,0.12
0.04,0.02,0.12
0.03,0.02,0.12
0.03,0.01,0.14
0.03,0.02,0.12
0.03,0.02,0.12
0.03,0.02,0.12
0.03,0.01,0.12
0.03,0.01,0.12
0.03,0.01,0.12
0.03,0.01,0.12
0.03,0.01,0.12
0.03,0.01,0.12
0.03,0.01,0.12
0.03,0.02,0.12
0.03,0.01,0.12
0.03,0.02,0.12
0.04,0.03,0.12
0.04,0.03,0.12
0.03,0.01,0.12
0.03,0.02,0.12
0.03,0.02,0.12
0.03,0.01,0.12
0.03,0.01,0.12
0.04,0.02,0.12
0.03,0.02,0.12
0.03,0.02,0.12
0.03,0.02,0.12
0.03,0.02,0.12
0.03,0.02,0.12
0.03,0.02,0.12
0.03,0.02,0.12
0.03,0.02,0.12
0.02,0.02,0.12
0.02,0.02,0.12
0.03,0.01,0.12
0.03,0.01,0.12
0.03,0.01,0.12
0.03,0.01,0.12
0.02,0.01,0.12
0.02,0.02,0.12
0.03,0.03,0.12
0.03,0.03,0.12
0.02,0.02,0.12
0.03,0.03,0.12
0.03,0.03,0.12
0.03,0.03,0.12
0.03,0.02,0.12
0.03,0.02,0.12
0.03,0.02,0.12
0.03,0.01,0.12
0.03,0.01,0.12
0.03,0.02,0.12
0.03,0.03,0.12
0.04,0.02,0.12
0.03,0.03,0.12
0.03,0.03,0.12
0.03,0.03,0.12
0.03,0.03,0.12
0.04,0.03,0.12
0.03,0.03,0.12
0.03,0.02,0.12
0.04,0.02,0.12
0.04,0.02,0.12
0.03,0.02,0.12
0.03,0.02,0.12
0.03,0.01,0.12
0.03,0.02,0.12
0.03,0.02,0.12
0.03,0.02,0.12
0.03,0.02,0.12
0.03,0.02,0.12
0.03,0.02,0.12
0.03,0.02,0.12
0.03,0.02,0.12
0.03,0.02,0.12
0.03,0.01,0.12
0.03,0.01,0.12
0.03,0.01,0.12
0.03,0.02,0.12
0.03,0.01,0.12
0.03,0.01,0.12
0.03,0.01,0.12
0.03,0.01,0.12
0.03,0.02,0.12
0.03,0.02,0.12
0.03,0.02,0.12
0.03,0.02,0.12
0.03,0.02,0.12
0.03,0.01,0.12
0.02,0.01,0.12
0.02,0.01,0.12
0.02,0.01,0.12
0.03,0.01,0.12
0.02,0.01,0.12
0.02,0.01,0.12
0.03,0.01,0.12
0.03,0.02,0.12
0.03,0.02,0.12
0.02,0.02,0.12
0.02,0.01,0.14
0.02,0.02,0.12
0.03,0.02,0.12
0.03,0.01,0.12
0.03,0.01,0.12
0.02,0.02,0.14
0.02,0.01,0.12
0.02,0.01,0.12
0.04,0.01,0.12
0.04,0.01,0.12
0.02,0.01,0.14
0.02,0.01,0.14
0.03,0.01,0.12
0.03,0.01,0.12
0.03,0.01,0.12
0.02,0.01,0.14
0.02,0.01,0.14
0.03,0.01,0.12
0.04,0.01,0.12
0.03,0.01,0.12
0.03,0.01,0.12
0.03,0.01,0.12
0.03,0.01,0.12
0.04,0.01,0.12
0.03,0.01,0.12
0.02,0.01,0.12
0.03,0.01,0.12
0.03,0.01,0.12
0.03,0.01,0.12
0.03,0.01,0.12
0.03,0.01,0.12
0.04,0.01,0.12
0.04,0.01,0.12
0.03,0.01,0.12
0.03,0.01,0.14
0.03,0.01,0.12
0.04,0.01,0.12
0.04,0.01,0.12
0.02,0.01,0.12
0.02,0.01,0.12
0.03,0.01,0.12
0.03,0.01,0.12
0.03,0.01,0.12
0.03,0.01,0.12
0.03,0.01,0.12
0.04,0.01,0.12
0.04,0.01,0.12
0.03,0.01,0.12
0.03,0.01,0.12
0.02,0.02,0.12
0.03,0.01,0.12
0.03,0.01,0.12
0.02,0.01,0.14
0.02,0.01,0.14
0.02,0.01,0.12
0.03,0.01,0.12
0.03,0.02,0.12
0.03,0.01,0.12
0.02,0.01,0.14
0.02,0.01,0.14
0.03,0.01,0.12
0.04,0.02,0.12
0.03,0.01,0.12
0.03,0.02,0.12
0.02,0.02,0.12
0.02,0.02,0.14
0.03,0.01,0.12
0.03,0.01,0.12
0.04,0.01,0.12
0.03,0.01,0.12
0.03,0.01,0.14
0.04,0.01,0.12
0.04,0.01,0.12
0.03,0.01,0.12
0.02,0.01,0.14
0.02,0.01,0.14
0.03,0.01,0.12
0.03,0.01,0.12
0.03,0.01,0.12
0.03,0.01,0.14
0.03,0.01,0.12
0.04,0.01,0.12
0.04,0.01,0.12
0.04,0.01,0.12
0.03,0.01,0.12
0.03,0.01,0.14
0.03,0.01,0.12
0.04,0.01,0.12
0.04,0.01,0.12
0.03,0.01,0.12
0.02,0.01,0.14
0.04,0.01,0.12
0.03,0.01,0.12
0.03,0.01,0.12
0.03,0.01,0.12
0.04,0.01,0.12
0.04,0.01,0.12
0.03,0.01,0.12
0.03,0.01,0.12
0.03,0.01,0.12
0.03,0.01,0.12
0.04,0.01,0.12
0.04,0.01,0.12
0.03,0.01,0.12
0.03,0.01,0.12
0.02,0.01,0.12
0.03,0.01,0.12
0.03,0.01,0.12
0.03,0.01,0.12
0.03,0,0.12
0.02,0.01,0.14
0.03,0.01,0.12
0.03,0.01,0.12
0.03,0.01,0.12
0.03,0.01,0.12
0.03,0.01,0.12
0.03,0.01,0.12
0.04,0.01,0.12
0.03,0.01,0.12
0.02,0.01,0.14
0.03,0.01,0.14
0.04,0.01,0.12
0.04,0.01,0.12
0.04,0.01,0.12
0.03,0.01,0.14
0.03,0.01,0.14
0.03,0.01,0.14
0.04,0.01,0.12
0.04,0.01,0.12
0.02,0.01,0.15
0.03,0.01,0.14
0.04,0.01,0.12
0.04,0.01,0.12
0.04,0.01,0.12
0.02,0.01,0.15
0.02,0.01,0.14
0.03,0.01,0.12
0.04,0.02,0.12
0.04,0.02,0.12
0.02,0.02,0.14
0.02,0.01,0.15
0.03,0.01,0.12
0.03,0.01,0.12
0.03,0.01,0.12
0.02,0.01,0.14
0.02,0.02,0.14
0.03,0.02,0.12
0.03,0.02,0.12
0.02,0.02,0.14
0.02,0.02,0.14
0.02,0.01,0.12
0.03,0.01,0.12
0.03,0.01,0.12
0.02,0.02,0.14
0.02,0.01,0.14
0.02,0.01,0.14
0.02,0.01,0.12
0.02,0.01,0.12
0.02,0.01,0.12
0.02,0.02,0.14
0.02,0.01,0.12
0.02,0.01,0.12
0.02,0.02,0.14
0.02,0.02,0.14
0.02,0.01,0.14
0.02,0.01,0.12
0.03,0.02,0.12
0.02,0.02,0.12
0.02,0.01,0.12
0.02,0.02,0.15
0.03,0.02,0.14
0.03,0.02,0.12
0.02,0.01,0.12
0.02,0.01,0.12
0.02,0.02,0.14
0.02,0.01,0.14
0.02,0.01,0.12
0.02,0.01,0.12
0.02,0.02,0.14
0.02,0.01,0.14
0.02,0.01,0.14
0.03,0.01,0.12
0.03,0.02,0.14
0.03,0.02,0.14
0.03,0.02,0.14
0.03,0.02,0.14
0.04,0.03,0.12
0.03,0.02,0.14
0.03,0.02,0.14
0.03,0.02,0.14
0.03,0.02,0.14
0.03,0.02,0.12
0.03,0.01,0.12
0.02,0.01,0.14
0.03,0.02,0.14
0.03,0.01,0.12
0.03,0.02,0.12
0.03,0.01,0.12
0.02,0.01,0.15
0.03,0.02,0.15
0.03,0.02,0.14
0.03,0.02,0.12
0.02,0.02,0.12
0.02,0.02,0.15
0.02,0.01,0.14
0.03,0.01,0.12
0.03,0.01,0.12
0.02,0.01,0.15
0.02,0.01,0.15
0.02,0.01,0.15
0.03,0.01,0.14
0.03,0.02,0.12
0.02,0.01,0.15
0.02,0.02,0.15
0.02,0.02,0.14
0.02,0.02,0.12
0.02,0.01,0.14
0.02,0.02,0.14
0.02,0.02,0.14
0.02,0.02,0.14
0.03,0.01,0.14
0.03,0.01,0.14
0.02,0.01,0.14
0.03,0.01,0.14
0.03,0.01,0.14
0.03,0.02,0.12
0.02,0.02,0.14
0.02,0.02,0.15
0.02,0.02,0.14
0.03,0.02,0.12
0.02,0.01,0.12
0.02,0.02,0.14
0.02,0.01,0.15
0.02,0.01,0.14
0.02,0.01,0.14
0.02,0.01,0.12
0.02,0.01,0.14
0.02,0.01,0.15
0.02,0.01,0.15
0.02,0.01,0.14
0.03,0.01,0.12
0.02,0.02,0.14
0.02,0.02,0.17
0.02,0.02,0.17
0.03,0.02,0.15
0.03,0.01,0.12
0.02,0.01,0.14
0.02,0.02,0.15
0.02,0.02,0.15
0.02,0.01,0.14
0.02,0.01,0.14
0.02,0.01,0.14
0.02,0.01,0.15
0.02,0.01,0.14
0.02,0.01,0.12
0.02,0.01,0.12
0.02,0.01,0.15
0.02,0.01,0.15
0.02,0.01,0.14
0.04,0.02,0.12
0.03,0.02,0.12
0.02,0.01,0.15
0.02,0.01,0.15
0.03,0.01,0.12
0.03,0.01,0.12
0.02,0.01,0.14
0.02,0.01,0.15
0.02,0.01,0.14
0.02,0.01,0.14
0.03,0.01,0.14
0.03,0.01,0.14
0.02,0.02,0.14
0.02,0.01,0.14
0.03,0.02,0.14
0.03,0.03,0.14
0.03,0.02,0.14
0.02,0.03,0.14
0.02,0.03,0.14
0.02,0.02,0.14
0.03,0.02,0.14
0.03,0.02,0.14
0.02,0.02,0.14
0.02,0.01,0.14
0.03,0.02,0.14
0.02,0.01,0.14
0.03,0.02,0.14
0.02,0.02,0.14
0.02,0.02,0.14
0.02,0.02,0.14
0.02,0.02,0.14
0.02,0.03,0.14
0.02,0.02,0.14
0.02,0.02,0.14
0.02,0.02,0.14
0.02,0.02,0.14
0.02,0.01,0.14
0.02,0.01,0.14
0.02,0.02,0.14
0.02,0.02,0.14
0.02,0.02,0.14
0.02,0.02,0.14
0.02,0.02,0.14
0.02,0.02,0.14
0.01,0.02,0.14
0.02,0.02,0.14
0.02,0.02,0.14
0.02,0.02,0.14
0.02,0.02,0.14
0.02,0.02,0.14
0.02,0.02,0.14
0.02,0.02,0.14
0.02,0.02,0.14
0.02,0.02,0.14
0.02,0.02,0.14
0.02,0.02,0.14
0.01,0.02,0.14
0.01,0.02,0.14
0.01,0.02,0.14
0.02,0.02,0.14
0.02,0.02,0.14
0.02,0.02,0.14
0.02,0.02,0.14
0.02,0.02,0.14
0.02,0.02,0.14
0.02,0.02,0.14
0.02,0.02,0.14
0.02,0.02,0.14
0.02,0.02,0.14
0.02,0.02,0.14
0.02,0.02,0.14
0.02,0.02,0.14
0.02,0.02,0.14
0.02,0.02,0.14
0.02,0.02,0.14
0.02,0.02,0.14
0.02,0.02,0.14
0.02,0.02,0.14
0.02,0.02,0.14
0.02,0.01,0.14
0.02,0.01,0.14
0.02,0.02,0.14
0.02,0.02,0.14
0.02,0.02,0.14
0.02,0.01,0.14
0.02,0.01,0.14
0.02,0.02,0.14
0.02,0.02,0.14
0.02,0.02,0.14
0.02,0.02,0.14
0.02,0.02,0.14
0.02,0.02,0.14
0.02,0.02,0.14
0.02,0.02,0.14
0.02,0.02,0.14
0.02,0.02,0.14
0.02,0.01,0.14
0.02,0.01,0.14
0.02,0.02,0.14
0.02,0.01,0.14
0.02,0.02,0.14
0.02,0.02,0.14
0.02,0.01,0.15
0.02,0.01,0.14
0.02,0.02,0.14
0.02,0.02,0.15
0.02,0.02,0.14
0.02,0.01,0.14
0.02,0.01,0.14
0.02,0.02,0.14
0.02,0.01,0.14
0.02,0.01,0.15
0.02,0.01,0.14
0.01,0.01,0.14
0.02,0.01,0.14
0.01,0,0.15
0.01,0.01,0.14
0.02,0.01,0.14
0.02,0.01,0.14
0.01,0.01,0.14
0.01,0.01,0.14
0.02,0.01,0.14
0.01,0.01,0.14
0.02,0.01,0.14
0.02,0.01,0.14
0.01,0.02,0.14
0.01,0.02,0.14
0.02,0.01,0.14
0.01,0.01,0.14
0.01,0.02,0.14
0.01,0.02,0.14
0.01,0.01,0.14
0.01,0.02,0.14
0.01,0.02,0.14
0.01,0.01,0.14
0.01,0.01,0.14
0.01,0.02,0.14
0.02,0.02,0.14
0.02,0.02,0.14
0.01,0.02,0.14
0.01,0.02,0.14
0.01,0.02,0.14
0.01,0.02,0.14
0.01,0.02,0.14
0.01,0.01,0.14
0.01,0.01,0.14
0.01,0.01,0.14
0.02,0.02,0.14
0.01,0.02,0.14
0.01,0.01,0.14
0.02,0.01,0.15
0.01,0.02,0.14
0.01,0.02,0.14
0.01,0.01,0.14
0.01,0.02,0.15
0.01,0.02,0.15
0.02,0.01,0.15
0.02,0.01,0.15
0.01,0.01,0.14
0.02,0.01,0.15
0.01,0.01,0.15
0.01,0.01,0.15
0.01,0.01,0.15
0.01,0.02,0.15
0.01,0.01,0.15
0.01,0.01,0.15
0.01,0.02,0.15
0.01,0.02,0.15
0.02,0.02,0.15
0.01,0.01,0.15
0.01,0.02,0.15
0.02,0.02,0.15
0.02,0.01,0.15
0.02,0.01,0.15
0.01,0.02,0.15
0.02,0.01,0.15
0.01,0.02,0.15
0.02,0.02,0.15
0.02,0.02,0.15
0.01,0.02,0.15
0.01,0.02,0.15
0.02,0.02,0.15
0.02,0.02,0.15
0.02,0.02,0.15
0.02,0.01,0.15
0.02,0.01,0.15
0.02,0.02,0.15
0.02,0.01,0.15
0.02,0.01,0.15
0.02,0.01,0.15
0.02,0.02,0.15
0.02,0.01,0.15
0.02,0.01,0.15
0.02,0.02,0.15
0.02,0.02,0.15
0.02,0.01,0.15
0.02,0.01,0.15
0.02,0.01,0.15
0.02,0.02,0.15
0.02,0.02,0.15
0.02,0.01,0.15
0.02,0.01,0.15
0.02,0.02,0.15
0.02,0.02,0.15
0.02,0.01,0.15
0.02,0.02,0.15
0.02,0.02,0.15
0.02,0.01,0.15
0.02,0.01,0.15
0.02,0.02,0.15
0.02,0.01,0.15
0.02,0.02,0.15
0.02,0.01,0.15
0.02,0.01,0.15
0.02,0.02,0.15
0.02,0.01,0.15
0.02,0.01,0.15
0.02,0.01,0.15
0.02,0.01,0.15
0.02,0.01,0.15
0.02,0.01,0.15
0.02,0.02,0.15
0.02,0.01,0.15
0.02,0.01,0.15
0.02,0.01,0.15
0.02,0.02,0.15
0.02,0.01,0.15
0.02,0.02,0.15
0.02,0.02,0.15
0.02,0.01,0.15
0.02,0.01,0.15
0.02,0.02,0.15
0.02,0.01,0.15
0.02,0.02,0.15
0.02,0.02,0.15
0.02,0.02,0.15
0.02,0.01,0.15
0.02,0.02,0.15
0.02,0.02,0.15
0.02,0.02,0.17
0.02,0.02,0.17
0.01,0.02,0.15
0.01,0.02,0.15
0.02,0.02,0.15
0.01,0.02,0.15
0.02,0.02,0.17
0.02,0.02,0.17
0.02,0.02,0.15
0.02,0.02,0.15
0.02,0.02,0.15
0.02,0.02,0.15
0.02,0.02,0.15
0.02,0.02,0.15
0.02,0.02,0.15
0.02,0.02,0.15
0.02,0.02,0.15
0.02,0.02,0.15
0.02,0.02,0.15
0.02,0.02,0.17
0.02,0.02,0.15
0.02,0.01,0.15
0.02,0.02,0.15
0.02,0.02,0.17
0.02,0.02,0.17
0.02,0.02,0.15
0.02,0.02,0.15
0.02,0.02,0.17
0.02,0.02,0.15
0.02,0.02,0.15
0.02,0.02,0.15
0.02,0.02,0.15
0.02,0.02,0.15
0.02,0.02,0.15
0.02,0.02,0.15
0.02,0.02,0.15
0.02,0.02,0.15
0.01,0.02,0.17
0.02,0.02,0.15
0.02,0.02,0.15
0.02,0.02,0.15
0.01,0.02,0.17
0.01,0.02,0.17
0.02,0.02,0.15
0.02,0.02,0.15
0.02,0.02,0.15
0.02,0.02,0.17
0.02,0.02,0.17
0.02,0.01,0.15
0.02,0.01,0.15
0.02,0.01,0.15
0.02,0.02,0.17
0.02,0.02,0.17
0.02,0.01,0.15
0.03,0.02,0.15
0.02,0.02,0.17
0.02,0.02,0.17
0.02,0.02,0.17
0.02,0.01,0.15
0.02,0.01,0.15
0.02,0.02,0.15
0.02,0.02,0.17
0.02,0.02,0.15
0.02,0.01,0.15
0.02,0.02,0.15
0.02,0.02,0.17
0.01,0.02,0.17
0.02,0.02,0.17
0.02,0.01,0.14
0.02,0.01,0.15
0.02,0.02,0.17
0.02,0.02,0.17
0.02,0.02,0.17
0.02,0.01,0.15
0.02,0.01,0.15
0.02,0.01,0.17
0.02,0.01,0.17
0.03,0.02,0.15
0.03,0.02,0.15
0.03,0.02,0.15
0.02,0.01,0.17
0.03,0.02,0.17
0.03,0.02,0.15
0.03,0.02,0.15
0.03,0.02,0.15
0.02,0.01,0.17
0.03,0.02,0.17
0.03,0.02,0.17
0.03,0.02,0.15
0.03,0.02,0.15
0.03,0.02,0.17
0.03,0.02,0.17
0.03,0.02,0.17
0.03,0.02,0.17
0.03,0.02,0.15
0.03,0.02,0.17
0.03,0.02,0.17
0.03,0.02,0.17
0.03,0.02,0.15
0.03,0.02,0.15
0.03,0.02,0.17
0.03,0.02,0.17
0.03,0.02,0.17
0.04,0.02,0.17
0.03,0.02,0.17
0.03,0.02,0.17
0.03,0.03,0.17
0.04,0.02,0.15
0.04,0.02,0.15
0.03,0.03,0.17
0.03,0.03,0.17
0.03,0.02,0.17
0.04,0.02,0.17
0.04,0.03,0.15
0.04,0.02,0.17
0.03,0.02,0.17
0.03,0.02,0.17
0.03,0.03,0.15
0.04,0.02,0.15
0.03,0.02,0.17
0.03,0.02,0.17
0.03,0.03,0.17
0.04,0.03,0.15
0.03,0.03,0.15
0.03,0.03,0.17
0.03,0.03,0.17
0.03,0.03,0.18
0.03,0.03,0.15
0.03,0.03,0.15
0.03,0.03,0.17
0.03,0.03,0.17
0.03,0.03,0.15
0.03,0.03,0.15
0.03,0.03,0.17
0.03,0.03,0.17
0.03,0.03,0.17
0.03,0.03,0.17
0.03,0.03,0.17
0.03,0.03,0.17
0.03,0.03,0.17
0.03,0.03,0.17
0.03,0.03,0.17
0.03,0.03,0.17
0.03,0.02,0.17
0.03,0.02,0.17
0.03,0.02,0.17
0.03,0.02,0.17
0.03,0.02,0.17
0.03,0.03,0.17
0.03,0.02,0.17
0.03,0.03,0.17
0.03,0.03,0.17
0.03,0.03,0.17
0.03,0.03,0.17
0.03,0.03,0.17
0.03,0.03,0.17
0.03,0.03,0.17
0.03,0.03,0.17
0.03,0.03,0.17
0.03,0.03,0.17
0.03,0.03,0.17
0.03,0.03,0.17
0.03,0.03,0.15
0.03,0.03,0.17
0.03,0.03,0.17
0.02,0.03,0.17
0.03,0.02,0.17
0.03,0.03,0.17
0.03,0.03,0.17
0.03,0.03,0.17
0.03,0.03,0.17
0.03,0.03,0.15
0.03,0.02,0.17
0.03,0.02,0.17
0.03,0.03,0.17
0.02,0.03,0.17
0.03,0.03,0.17
0.02,0.02,0.17
0.02,0.02,0.17
0.03,0.02,0.17
0.03,0.02,0.17
0.03,0.02,0.17
0.03,0.03,0.17
0.03,0.03,0.17
0.03,0.03,0.17
0.03,0.03,0.17
0.03,0.03,0.17
0.02,0.03,0.17
0.03,0.03,0.17
0.03,0.03,0.17
0.03,0.03,0.17
0.03,0.03,0.17
0.03,0.02,0.18
0.03,0.03,0.17
0.03,0.03,0.17
0.03,0.03,0.17
0.03,0.03,0.17
0.03,0.02,0.17
0.03,0.02,0.17
0.03,0.02,0.17
0.03,0.02,0.17
0.02,0.02,0.17
0.03,0.02,0.18
0.03,0.02,0.17
0.03,0.02,0.17
0.03,0.02,0.17
0.03,0.02,0.18
0.03,0.02,0.18
0.03,0.02,0.17
0.03,0.02,0.17
0.03,0.02,0.17
0.03,0.02,0.18
0.03,0.02,0.18
0.03,0.02,0.17
0.03,0.02,0.17
0.03,0.02,0.18
0.03,0.02,0.18
0.03,0.02,0.18
0.03,0.02,0.17
0.03,0.02,0.17
0.03,0.02,0.18
0.03,0.02,0.17
0.03,0.02,0.17
0.03,0.02,0.17
0.03,0.02,0.18
0.03,0.02,0.18
0.03,0.03,0.17
0.03,0.02,0.17
0.02,0.02,0.18
0.02,0.02,0.18
0.03,0.02,0.18
0.03,0.02,0.17
0.03,0.02,0.17
0.03,0.02,0.18
0.03,0.02,0.18
0.03,0.02,0.18
0.04,0.02,0.17
0.04,0.02,0.17
0.03,0.02,0.18
0.03,0.02,0.18
0.03,0.02,0.18
0.03,0.02,0.18
0.04,0.02,0.17
0.03,0.03,0.17
0.03,0.03,0.17
0.03,0.03,0.18
0.03,0.03,0.18
0.03,0.03,0.18
0.05,0.02,0.17
0.04,0.03,0.17
0.04,0.03,0.17
0.03,0.02,0.18
0.04,0.03,0.18
0.04,0.03,0.17
0.04,0.03,0.17
0.04,0.03,0.18
0.03,0.03,0.18
0.03,0.03,0.18
0.04,0.03,0.17
0.04,0.03,0.17
0.04,0.03,0.17
0.04,0.03,0.18
0.04,0.03,0.18
0.04,0.03,0.17
0.05,0.02,0.17
0.04,0.03,0.18
0.04,0.03,0.18
0.04,0.03,0.18
0.04,0.03,0.17
0.04,0.03,0.17
0.03,0.03,0.18
0.04,0.03,0.18
0.04,0.03,0.17
0.04,0.03,0.17
0.04,0.03,0.17
0.04,0.03,0.18
0.03,0.03,0.18
0.04,0.03,0.18
0.04,0.03,0.18
0.04,0.03,0.18
0.04,0.03,0.18
0.04,0.03,0.18
0.03,0.03,0.18
0.04,0.03,0.18
0.04,0.03,0.18
0.03,0.03,0.18
0.03,0.03,0.18
0.04,0.03,0.18
0.04,0.03,0.18
0.04,0.03,0.18
0.04,0.03,0.18
0.04,0.03,0.18
0.04,0.03,0.18
0.04,0.03,0.18
0.04,0.03,0.18
0.04,0.03,0.18
0.04,0.03,0.18
0.04,0.03,0.18
0.04,0.03,0.18
0.04,0.03,0.18
0.04,0.03,0.18
0.04,0.03,0.2
0.04,0.03,0.2
0.04,0.03,0.2
0.04,0.03,0.18
0.04,0.03,0.2
0.04,0.03,0.2
0.04,0.03,0.2
0.04,0.03,0.18
0.05,0.02,0.18
0.04,0.03,0.2
0.04,0.03,0.2
0.04,0.03,0.2
0.04,0.03,0.2
0.04,0.03,0.2
0.04,0.03,0.2
0.04,0.03,0.2
0.04,0.03,0.2
0.04,0.03,0.2
0.04,0.03,0.2
0.04,0.03,0.2
0.04,0.03,0.2
0.04,0.03,0.2
0.04,0.03,0.2
0.04,0.03,0.2
0.04,0.03,0.2
0.05,0.02,0.2
0.04,0.03,0.2
0.04,0.03,0.2
0.04,0.03,0.2
0.04,0.03,0.2
0.04,0.03,0.2
0.04,0.03,0.2
0.04,0.03,0.2
0.04,0.03,0.2
0.04,0.03,0.18
0.04,0.03,0.18
0.03,0.03,0.2
0.04,0.03,0.18
0.04,0.03,0.2
0.04,0.02,0.2
0.04,0.03,0.2
0.05,0.02,0.2
0.05,0.02,0.18
0.04,0.02,0.2
0.04,0.02,0.2
0.04,0.02,0.2
0.04,0.02,0.2
0.04,0.02,0.2
0.04,0.02,0.2
0.04,0.02,0.2
0.04,0.02,0.2
0.04,0.03,0.2
0.05,0.02,0.2
0.05,0.02,0.2
0.04,0.03,0.2
0.04,0.03,0.2
0.04,0.03,0.2
0.04,0.02,0.2
0.04,0.02,0.18
0.04,0.03,0.2
0.04,0.02,0.2
0.03,0.03,0.2
0.03,0.03,0.2
0.03,0.03,0.18
0.03,0.03,0.18
0.03,0.03,0.18
0.03,0.03,0.18
0.03,0.03,0.18
0.03,0.03,0.18
0.03,0.03,0.18
0.03,0.03,0.18
0.03,0.03,0.18
0.03,0.03,0.18
0.03,0.02,0.18
0.03,0.02,0.18
0.03,0.03,0.18
0.03,0.02,0.18
0.03,0.02,0.18
0.03,0.03,0.18
0.03,0.03,0.18
0.03,0.03,0.18
0.03,0.03,0.18
0.03,0.03,0.18
0.03,0.03,0.18
0.03,0.02,0.18
0.03,0.02,0.18
0.03,0.03,0.18
0.03,0.02,0.18
0.03,0.02,0.18
0.03,0.02,0.18
0.03,0.02,0.18
0.03,0.02,0.18
0.03,0.02,0.18
0.03,0.03,0.18
0.03,0.03,0.18
0.03,0.02,0.18
0.03,0.03,0.18
0.03,0.03,0.18
0.03,0.03,0.18
0.03,0.02,0.18
0.03,0.02,0.18
0.03,0.02,0.18
0.03,0.01,0.18
0.02,0.01,0.18
0.02,0.01,0.18
0.03,0.02,0.18
0.02,0.01,0.18
0.03,0.02,0.18
0.03,0.02,0.18
0.03,0.03,0.18
0.03,0.03,0.18
0.03,0.02,0.18
0.03,0.02,0.18
0.03,0.02,0.18
0.03,0.01,0.18
0.03,0.01,0.18
0.03,0.01,0.18
0.03,0.01,0.18
0.03,0.01,0.18
0.03,0.02,0.18
0.03,0.02,0.18
0.03,0.02,0.18
0.03,0.02,0.18
0.03,0.02,0.18
0.03,0.02,0.18
0.03,0.02,0.18
0.04,0.01,0.18
0.04,0.02,0.18
0.04,0.01,0.18
0.04,0.01,0.18
0.04,0.01,0.18
0.04,0.01,0.18
0.04,0.01,0.18
0.04,0.01,0.18
0.04,0.02,0.18
0.04,0.02,0.18
0.04,0.02,0.18
0.04,0.02,0.18
0.04,0.03,0.18
0.04,0.03,0.18
0.04,0.03,0.18
0.04,0.02,0.18
0.04,0.03,0.18
0.04,0.02,0.18
0.04,0.01,0.17
0.04,0.01,0.18
0.03,0.01,0.18
0.03,0.01,0.18
0.04,0.01,0.18
0.04,0.01,0.18
0.04,0.02,0.18
0.04,0.03,0.18
0.04,0.03,0.18
0.04,0.03,0.18
0.04,0.03,0.18
0.04,0.03,0.18
0.03,0.03,0.18
0.03,0.03,0.18
0.03,0.03,0.18
0.03,0.01,0.17
0.03,0.01,0.18
0.03,0.02,0.18
0.03,0.01,0.18
0.04,0.01,0.18
0.04,0.02,0.18
0.04,0.02,0.18
0.04,0.02,0.18
0.04,0.03,0.18
0.03,0.03,0.18
0.04,0.03,0.18
0.04,0.03,0.18
0.03,0.03,0.18
0.03,0.03,0.18
0.04,0.03,0.18
0.04,0.02,0.18
0.04,0.01,0.18
0.03,0.02,0.18
0.04,0.02,0.18
0.04,0.01,0.18
0.04,0.01,0.18
0.03,0.02,0.18
0.03,0.02,0.18
0.03,0.02,0.18
0.03,0.03,0.18
0.03,0.03,0.18
0.03,0.03,0.18
0.03,0.03,0.18
0.03,0.02,0.18
0.04,0.02,0.18
0.04,0.02,0.18
0.03,0.01,0.18
0.03,0.01,0.18
0.03,0.01,0.18
0.03,0.01,0.18
0.03,0.02,0.18
0.03,0.02,0.18
0.03,0.02,0.18
0.03,0.02,0.18
0.03,0.02,0.18
0.03,0.02,0.18
0.04,0.03,0.18
0.04,0.03,0.18
0.04,0.02,0.18
0.04,0.02,0.18
0.03,0.02,0.18
0.03,0.02,0.18
0.04,0.02,0.18
0.04,0.02,0.18
0.04,0.02,0.18
0.04,0.02,0.18
0.04,0.03,0.18
0.04,0.03,0.18
0.04,0.03,0.18
0.04,0.03,0.18
0.04,0.03,0.18
0.04,0.03,0.18
0.04,0.03,0.18
0.05,0.03,0.18
0.04,0.02,0.18
0.04,0.02,0.18
0.04,0.02,0.18
0.04,0.02,0.18
0.04,0.02,0.18
0.05,0.02,0.18
0.04,0.02,0.18
0.04,0.02,0.18
0.04,0.03,0.18
0.04,0.02,0.18
0.04,0.02,0.18
0.04,0.03,0.18
0.04,0.03,0.18
0.04,0.02,0.18
0.04,0.03,0.18
0.04,0.03,0.18
0.04,0.02,0.18
0.03,0.01,0.18
0.04,0.02,0.18
0.04,0.02,0.18
0.04,0.01,0.18
0.04,0.02,0.18
0.04,0.02,0.18
0.04,0.02,0.18
0.04,0.02,0.18
0.05,0.02,0.18
0.04,0.03,0.18
0.04,0.03,0.18
0.04,0.03,0.18
0.05,0.02,0.18
0.05,0.02,0.18
0.05,0.02,0.18
0.05,0.02,0.18
0.05,0.02,0.18
0.05,0.01,0.18
0.05,0.02,0.18
0.05,0.02,0.18
0.04,0.01,0.18
0.05,0.01,0.18
0.05,0.02,0.18
0.05,0.02,0.18
0.05,0.02,0.18
0.05,0.02,0.18
0.05,0.02,0.18
0.05,0.02,0.18
0.05,0.02,0.18
0.05,0.02,0.18
0.05,0.02,0.18
0.05,0.01,0.18
0.05,0.01,0.18
0.05,0.01,0.18
0.04,0,0.18
0.05,0.01,0.18
0.05,0.01,0.18
0.05,0.01,0.18
0.05,0.02,0.18
0.05,0.02,0.18
0.05,0.02,0.18
0.05,0.02,0.18
0.05,0.02,0.18
0.05,0.02,0.18
0.05,0.02,0.18
0.05,0.02,0.18
0.05,0.02,0.18
0.05,0.02,0.18
0.05,0.01,0.18
0.05,0.01,0.18
0.05,0.01,0.18
0.05,0.01,0.18
0.05,0.01,0.18
0.05,0.01,0.18
0.05,0.01,0.18
0.05,0.02,0.18
0.05,0.02,0.18
0.05,0.02,0.18
0.04,0.02,0.2
0.04,0.02,0.18
0.05,0.02,0.18
0.05,0.02,0.18
0.04,0.02,0.18
0.04,0.01,0.18
0.03,0.01,0.2
0.04,0.01,0.18
0.05,0.01,0.18
0.05,0.01,0.18
0.04,0.02,0.2
0.04,0.02,0.2
0.05,0.02,0.18
0.05,0.02,0.18
0.05,0.02,0.18
0.05,0.02,0.18
0.04,0.03,0.2
0.04,0.02,0.2
0.05,0.02,0.18
0.05,0.02,0.18
0.05,0.02,0.18
0.04,0.01,0.2
0.04,0.01,0.18
0.05,0.02,0.18
0.05,0.01,0.18
0.04,0.01,0.18
0.04,0.02,0.2
0.05,0.02,0.2
0.05,0.02,0.18
0.05,0.02,0.18
0.04,0.03,0.18
0.04,0.03,0.2
0.04,0.03,0.2
0.04,0.03,0.18
0.05,0.02,0.18
0.04,0.03,0.18
0.05,0.02,0.17
0.04,0.02,0.18
0.03,0.02,0.18
0.03,0.02,0.18
0.03,0.02,0.18
0.04,0.02,0.18
0.04,0.02,0.2
0.05,0.02,0.18
0.04,0.02,0.18
0.04,0.03,0.18
0.04,0.03,0.2
0.03,0.03,0.18
0.03,0.03,0.18
0.03,0.03,0.18
0.03,0.02,0.18
0.03,0.02,0.18
0.03,0.03,0.18
0.04,0.02,0.18
0.04,0.02,0.18
0.04,0.02,0.18
0.04,0.03,0.18
0.04,0.03,0.18
0.04,0.03,0.18
0.03,0.03,0.18
0.03,0.03,0.18
0.04,0.03,0.17
0.03,0.02,0.2
0.03,0.02,0.2
0.04,0.02,0.2
0.04,0.02,0.18
0.05,0.02,0.18
0.04,0.03,0.2
0.03,0.03,0.2
0.04,0.03,0.17
0.04,0.03,0.17
0.03,0.03,0.18
0.03,0.03,0.2
0.03,0.03,0.2
0.03,0.03,0.2
0.05,0.02,0.17
0.05,0.02,0.18
0.04,0.02,0.2
0.04,0.02,0.2
0.04,0.02,0.18
0.04,0.02,0.18
0.04,0.02,0.17
0.03,0.03,0.18
0.03,0.03,0.18
0.03,0.03,0.18
0.03,0.03,0.2
0.04,0.03,0.2
0.04,0.03,0.18
0.04,0.03,0.18
0.04,0.03,0.18
0.05,0.02,0.18
0.04,0.03,0.18
0.03,0.03,0.18
0.03,0.03,0.2
0.03,0.03,0.18
0.03,0.03,0.18
0.03,0.03,0.2
0.03,0.03,0.2
0.03,0.03,0.2
0.04,0.03,0.18
0.05,0.02,0.18
0.04,0.03,0.2
0.04,0.03,0.2
0.04,0.03,0.18
0.04,0.03,0.18
0.04,0.03,0.18
0.03,0.03,0.2
0.03,0.03,0.18
0.03,0.03,0.18
0.03,0.03,0.18
0.04,0.03,0.18
0.04,0.03,0.2
0.04,0.03,0.2
0.05,0.02,0.2
0.05,0.02,0.18
0.05,0.03,0.18
0.04,0.03,0.2
0.04,0.03,0.2
0.04,0.03,0.18
0.04,0.03,0.18
0.04,0.03,0.18
0.04,0.03,0.2
0.04,0.03,0.18
0.05,0.02,0.18
0.04,0.03,0.2
0.04,0.03,0.2
0.04,0.03,0.18
0.05,0.03,0.18
0.05,0.03,0.18
0.04,0.03,0.18
0.04,0.03,0.2
0.04,0.03,0.2
0.04,0.03,0.18
0.04,0.03,0.18
0.04,0.03,0.2
0.04,0.03,0.2
0.05,0.03,0.2
0.05,0.02,0.2
0.06,0.02,0.2
0.04,0.03,0.2
0.04,0.03,0.2
0.05,0.02,0.2
0.04,0.03,0.2
0.04,0.03,0.2
0.04,0.03,0.2
0.04,0.03,0.2
0.04,0.03,0.2
0.04,0.03,0.2
0.04,0.03,0.2
0.04,0.03,0.2
0.04,0.03,0.2
0.04,0.03,0.2
0.04,0.03,0.2
0.04,0.03,0.2
0.04,0.03,0.18
0.03,0.03,0.2
0.03,0.03,0.2
0.04,0.03,0.2
0.04,0.03,0.2
0.04,0.03,0.2
0.04,0.03,0.2
0.04,0.03,0.2
0.04,0.03,0.2
0.05,0.03,0.18
0.03,0.03,0.2
0.03,0.03,0.2
0.03,0.03,0.2
0.04,0.03,0.2
0.04,0.03,0.2
0.03,0.03,0.2
0.03,0.03,0.2
0.03,0.03,0.2
0.05,0.02,0.18
0.05,0.02,0.18
0.03,0.03,0.21
0.03,0.03,0.21
0.04,0.03,0.21
0.04,0.03,0.2
0.06,0.03,0.18
0.04,0.03,0.2
0.04,0.03,0.21
0.04,0.03,0.2
0.04,0.03,0.2
0.05,0.03,0.18
0.04,0.03,0.2
0.04,0.03,0.2
0.04,0.03,0.21
0.04,0.03,0.2
0.05,0.03,0.18
0.05,0.02,0.2
0.03,0.03,0.21
0.04,0.03,0.2
0.04,0.03,0.2
0.04,0.03,0.2
0.04,0.03,0.2
0.04,0.03,0.21
0.04,0.03,0.21
0.04,0.03,0.2
0.04,0.03,0.2
0.04,0.03,0.21
0.04,0.03,0.21
0.04,0.03,0.2
0.04,0.03,0.2
0.05,0.03,0.2
0.04,0.03,0.21
0.03,0.03,0.21
0.04,0.03,0.2
0.04,0.03,0.2
0.03,0.03,0.21
0.03,0.03,0.21
0.04,0.03,0.2
0.04,0.03,0.2
0.04,0.03,0.2
0.03,0.02,0.21
0.03,0.03,0.21
0.04,0.03,0.2
0.04,0.02,0.2
0.04,0.02,0.2
0.03,0.03,0.21
0.03,0.03,0.21
0.04,0.03,0.2
0.04,0.03,0.2
0.03,0.03,0.2
0.03,0.02,0.21
0.03,0.03,0.21
0.04,0.03,0.2
0.04,0.03,0.2
0.04,0.03,0.2
0.03,0.03,0.21
0.04,0.03,0.21
0.04,0.03,0.2
0.04,0.03,0.2
0.03,0.03,0.21
0.03,0.03,0.21
0.03,0.03,0.21
0.03,0.03,0.2
0.04,0.03,0.21
0.03,0.03,0.21
0.03,0.03,0.21
0.04,0.02,0.21
0.04,0.03,0.21
0.04,0.03,0.2
0.03,0.03,0.21
0.04,0.03,0.21
0.04,0.03,0.21
0.04,0.03,0.2
0.04,0.03,0.2
0.03,0.03,0.21
0.03,0.03,0.21
0.03,0.03,0.23
0.04,0.03,0.21
0.04,0.03,0.21
0.04,0.03,0.21
0.04,0.03,0.21
0.04,0.03,0.21
0.03,0.03,0.21
0.03,0.03,0.21
0.03,0.03,0.21
0.04,0.03,0.21
0.04,0.03,0.21
0.04,0.03,0.21
0.04,0.03,0.21
0.04,0.03,0.21
0.04,0.03,0.21
0.04,0.03,0.21
0.04,0.03,0.21
0.04,0.03,0.21
0.03,0.03,0.21
0.03,0.03,0.21
0.04,0.03,0.21
0.04,0.03,0.21
0.04,0.03,0.21
0.03,0.03,0.21
0.03,0.03,0.21
0.03,0.02,0.21
0.04,0.03,0.21
0.03,0.03,0.21
0.03,0.03,0.21
0.03,0.03,0.21
0.04,0.03,0.21
0.03,0.03,0.21
0.03,0.03,0.21
0.03,0.02,0.21
0.03,0.02,0.21
0.03,0.02,0.21
0.03,0.02,0.21
0.03,0.02,0.21
0.03,0.02,0.21
0.04,0.03,0.21
0.04,0.03,0.21
0.03,0.02,0.21
0.03,0.03,0.21
0.04,0.03,0.21
0.04,0.03,0.21
0.04,0.03,0.21
0.04,0.03,0.21
0.03,0.02,0.21
0.03,0.02,0.21
0.04,0.03,0.21
0.04,0.03,0.21
0.04,0.03,0.21
0.03,0.02,0.21
0.04,0.03,0.21
0.03,0.02,0.21
0.03,0.02,0.21
0.03,0.02,0.21
0.04,0.03,0.21
0.04,0.03,0.21
0.03,0.02,0.21
0.03,0.02,0.21
0.04,0.03,0.21
0.03,0.02,0.21
0.03,0.02,0.21
0.04,0.03,0.21
0.03,0.03,0.21
0.03,0.03,0.21
0.03,0.02,0.21
0.03,0.02,0.21
0.04,0.03,0.21
0.03,0.02,0.21
0.03,0.02,0.21
0.03,0.02,0.21
0.04,0.03,0.21
0.03,0.02,0.21
0.03,0.02,0.21
0.04,0.03,0.21
0.03,0.02,0.21
0.04,0.03,0.21
0.04,0.03,0.21
0.04,0.03,0.21
0.04,0.03,0.21
0.03,0.03,0.21
0.03,0.03,0.21
0.04,0.03,0.21
0.04,0.03,0.21
0.03,0.03,0.21
0.04,0.03,0.21
0.04,0.03,0.21
0.03,0.03,0.21
0.04,0.03,0.21
0.03,0.03,0.21
0.03,0.03,0.21
0.03,0.03,0.21
0.04,0.03,0.21
0.04,0.03,0.21
0.03,0.03,0.21
0.03,0.03,0.21
0.04,0.02,0.21
0.03,0.02,0.21
0.04,0.03,0.21
0.04,0.03,0.21
0.04,0.03,0.21
0.04,0.03,0.21
0.04,0.03,0.21
0.03,0.02,0.21
0.03,0.02,0.21
0.04,0.03,0.21
0.04,0.02,0.21
0.03,0.03,0.21
0.03,0.02,0.21
0.03,0.02,0.23
0.04,0.03,0.21
0.03,0.03,0.21
0.03,0.02,0.21
0.04,0.03,0.21
0.04,0.03,0.21
0.03,0.02,0.21
0.03,0.02,0.21
0.03,0.02,0.21
0.03,0.01,0.21
0.03,0.01,0.23
0.04,0.02,0.21
0.04,0.02,0.21
0.04,0.01,0.21
0.03,0.01,0.23
0.03,0.02,0.23
0.04,0.01,0.21
0.04,0.01,0.21
0.04,0.01,0.21
0.03,0.01,0.23
0.03,0.01,0.23
0.04,0.01,0.21
0.04,0.01,0.21
0.03,0.02,0.21
0.03,0.01,0.23
0.03,0.01,0.23
0.03,0.01,0.23
0.03,0.02,0.21
0.03,0.01,0.23
0.03,0.01,0.24
0.03,0.02,0.23
0.03,0.02,0.23
0.04,0.02,0.23
0.03,0.01,0.23
0.03,0.02,0.24
0.03,0.02,0.24
0.04,0.01,0.23
0.03,0.01,0.21
0.04,0.02,0.23
0.03,0.01,0.24
0.03,0.01,0.23
0.03,0.01,0.23
0.04,0.02,0.23
0.03,0.02,0.23
0.03,0.01,0.23
0.03,0.01,0.24
0.03,0.02,0.21
0.03,0.02,0.21
0.03,0.01,0.23
0.03,0.01,0.24
0.03,0.02,0.23
0.03,0.02,0.23
0.03,0.01,0.23
0.03,0.01,0.23
0.03,0.01,0.23
0.03,0.01,0.24
0.03,0.01,0.24
0.03,0.01,0.21
0.03,0.02,0.23
0.03,0.01,0.24
0.03,0.01,0.23
0.03,0.01,0.23
0.03,0.01,0.24
0.03,0.01,0.23
0.03,0.01,0.24
0.03,0.01,0.23
0.03,0.01,0.23
0.03,0.01,0.23
0.03,0.01,0.24
0.03,0.01,0.23
0.03,0.01,0.24
0.03,0.01,0.24
0.03,0.02,0.23
0.03,0.01,0.24
0.03,0.01,0.24
0.03,0.02,0.23
0.04,0.01,0.24
0.04,0.01,0.24
0.03,0.01,0.23
0.04,0.02,0.24
0.03,0.02,0.23
0.03,0.02,0.24
0.04,0.02,0.23
0.04,0.02,0.23
0.04,0.02,0.24
0.03,0.02,0.24
0.03,0.02,0.23
0.04,0.02,0.23
0.04,0.02,0.23
0.03,0.02,0.23
0.03,0.01,0.23
0.03,0.02,0.23
0.03,0.02,0.23
0.03,0.01,0.23
0.03,0.01,0.23
0.03,0.02,0.23
0.03,0.02,0.24
0.04,0.02,0.24
0.03,0.02,0.23
0.04,0.03,0.23
0.03,0.02,0.24
0.03,0.02,0.23
0.03,0.02,0.23
0.03,0.02,0.23
0.03,0.02,0.24
0.04,0.02,0.24
0.03,0.02,0.23
0.03,0.02,0.23
0.03,0.02,0.24
0.03,0.02,0.23
0.03,0.02,0.23
0.03,0.02,0.23
0.03,0.02,0.24
0.04,0.03,0.23
0.04,0.02,0.24
0.04,0.02,0.24
0.04,0.03,0.23
0.04,0.02,0.24
0.04,0.03,0.24
0.04,0.03,0.23
0.04,0.02,0.24
0.04,0.03,0.24
0.04,0.03,0.23
0.04,0.02,0.24
0.04,0.03,0.24
0.04,0.03,0.23
0.03,0.03,0.23
0.04,0.03,0.24
0.03,0.03,0.24
0.03,0.03,0.23
0.04,0.03,0.24
0.04,0.03,0.24
0.03,0.03,0.23
0.03,0.03,0.24
0.04,0.03,0.24
0.03,0.03,0.23
0.04,0.03,0.24
0.03,0.02,0.24
0.03,0.02,0.24
0.04,0.03,0.23
0.03,0.02,0.24
0.03,0.03,0.23
0.04,0.03,0.23
0.04,0.03,0.23
0.04,0.03,0.24
0.03,0.03,0.23
0.04,0.03,0.24
0.04,0.03,0.24
0.04,0.03,0.23
0.04,0.03,0.23
0.04,0.03,0.24
0.03,0.03,0.23
0.04,0.03,0.23
0.04,0.03,0.24
0.03,0.03,0.24
0.03,0.03,0.23
0.03,0.02,0.24
0.04,0.03,0.24
0.04,0.03,0.24
0.03,0.02,0.24
0.04,0.03,0.24
0.04,0.03,0.24
0.04,0.03,0.24
0.03,0.02,0.24
0.03,0.03,0.24
0.03,0.03,0.24
0.03,0.02,0.25
0.03,0.02,0.25
0.03,0.02,0.24
0.03,0.02,0.24
0.03,0.02,0.25
0.03,0.02,0.25
0.03,0.02,0.25
0.03,0.02,0.25
0.03,0.02,0.24
0.03,0.02,0.25
0.03,0.02,0.25
0.03,0.02,0.25
0.03,0.02,0.25
0.03,0.02,0.24
0.03,0.01,0.25
0.03,0.02,0.25
0.03,0.02,0.25
0.03,0.02,0.25
0.03,0.01,0.24
0.03,0.02,0.25
0.03,0.02,0.25
0.03,0.02,0.25
0.03,0.02,0.25
0.03,0.02,0.25
0.03,0.02,0.25
0.03,0.01,0.25
0.03,0.02,0.25
0.04,0.03,0.25
0.03,0.02,0.25
0.03,0.02,0.25
0.04,0.03,0.25
0.04,0.03,0.25
0.03,0.02,0.25
0.03,0.02,0.25
0.03,0.02,0.25
0.03,0.02,0.25
0.03,0.02,0.25
0.03,0.02,0.25
0.03,0.02,0.25
0.03,0.02,0.25
0.03,0.02,0.25
0.04,0.03,0.25
0.04,0.03,0.24
0.03,0.02,0.24
0.03,0.02,0.24
0.03,0.03,0.25
0.03,0.03,0.25
0.03,0.02,0.25
0.03,0.02,0.25
0.03,0.02,0.25
0.03,0.02,0.25
0.03,0.02,0.25
0.04,0.03,0.25
0.04,0.02,0.25
0.03,0.02,0.25
0.03,0.02,0.25
0.03,0.02,0.25
0.04,0.02,0.25
0.03,0.02,0.25
0.03,0.02,0.25
0.03,0.01,0.25
0.03,0.01,0.25
0.03,0.02,0.24
0.03,0.01,0.25
0.03,0.02,0.25
0.03,0.02,0.25
0.03,0.02,0.25
0.03,0.02,0.24
0.03,0.02,0.25
0.03,0.02,0.26
0.03,0.02,0.25
0.03,0.02,0.25
0.03,0.02,0.24
0.03,0.02,0.24
0.03,0.01,0.25
0.03,0.01,0.26
0.03,0.01,0.25
0.03,0.01,0.24
0.03,0.01,0.25
0.03,0.01,0.25
0.02,0.01,0.26
0.04,0.03,0.25
0.04,0.03,0.24
0.03,0.02,0.25
0.03,0.02,0.26
0.03,0.02,0.26
0.03,0.02,0.25
0.03,0.02,0.25
0.03,0.02,0.25
0.03,0.01,0.25
0.03,0.01,0.25
0.03,0.01,0.25
0.03,0.01,0.24
0.03,0.02,0.25
0.03,0.01,0.25
0.03,0.01,0.26
0.03,0.02,0.25
0.03,0.02,0.25
0.03,0.02,0.25
0.03,0.02,0.26
0.03,0.02,0.26
0.03,0.02,0.25
0.03,0.02,0.25
0.03,0.02,0.25
0.03,0.02,0.25
0.03,0.01,0.25
0.03,0.01,0.25
0.03,0.01,0.25
0.03,0.01,0.25
0.03,0.01,0.25
0.03,0.01,0.25
0.03,0.01,0.25
0.03,0.01,0.25
0.03,0.01,0.25
0.03,0.01,0.25
0.03,0.01,0.25
0.03,0.01,0.25
0.03,0.01,0.25
0.03,0.01,0.25
0.03,0.01,0.26
0.03,0.01,0.25
0.02,0.01,0.25
0.03,0.01,0.25
0.03,0.01,0.25
0.03,0.01,0.25
0.03,0.01,0.25
0.03,0.01,0.25
0.03,0.01,0.25
0.03,0.01,0.25
0.03,0.01,0.25
0.03,0.01,0.25
0.03,0.01,0.25
0.03,0.01,0.25
0.03,0.01,0.25
0.03,0.01,0.25
0.03,0.01,0.25
0.02,0.01,0.25
0.02,0.01,0.25
0.03,0.01,0.25
0.03,0.01,0.25
0.03,0.01,0.25
0.03,0.01,0.25
0.03,0.01,0.25
0.03,0.01,0.25
0.03,0.01,0.25
0.03,0.01,0.25
0.03,0.01,0.25
0.03,0.01,0.25
0.03,0.01,0.25
0.03,0.01,0.25
0.03,0.01,0.25
0.03,0.01,0.25
0.03,0.01,0.25
0.03,0.01,0.25
0.03,0.01,0.25
0.03,0.01,0.25
0.03,0.01,0.25
0.03,0.01,0.25
0.03,0.02,0.25
0.03,0.01,0.25
0.03,0.02,0.25
0.03,0.02,0.25
0.03,0.02,0.25
0.03,0.01,0.25
0.03,0.02,0.25
0.03,0.01,0.25
0.03,0.01,0.25
0.03,0.01,0.25
0.03,0.01,0.25
0.03,0.01,0.25
0.03,0.01,0.25
0.03,0.01,0.25
0.03,0.01,0.25
0.03,0.01,0.25
0.03,0.02,0.25
0.03,0.02,0.25
0.03,0.01,0.25
0.03,0.01,0.25
0.03,0.01,0.25
0.03,0.01,0.25
0.03,0.01,0.25
0.03,0.01,0.25
0.03,0.01,0.25
0.03,0.01,0.25
0.03,0.01,0.25
0.03,0.01,0.25
0.03,0.01,0.25
0.03,0.01,0.25
0.03,0.01,0.25
0.03,0.01,0.24
0.03,0.01,0.25
0.03,0.01,0.25
0.03,0.01,0.25
0.03,0.01,0.25
0.03,0.01,0.25
0.03,0.01,0.24
0.03,0.01,0.25
0.03,0.02,0.25
0.03,0.01,0.25
0.03,0.01,0.25
0.03,0.01,0.25
0.03,0.01,0.24
0.03,0.01,0.25
0.03,0.01,0.25
0.03,0.01,0.25
0.03,0.01,0.24
0.03,0.01,0.25
0.03,0.01,0.25
0.03,0.01,0.25
0.03,0.01,0.25
0.03,0.01,0.25
0.03,0.01,0.25
0.03,0.01,0.25
0.03,0.01,0.25
0.03,0.01,0.25
0.03,0.01,0.25
0.03,0.01,0.25
0.03,0.01,0.25
0.03,0.01,0.25
0.03,0.01,0.24
0.03,0.01,0.25
0.03,0.01,0.25
0.03,0.01,0.25
0.03,0.01,0.25
0.03,0.01,0.25
0.03,0.01,0.25
0.03,0.01,0.25
0.03,0.01,0.25
0.03,0.01,0.25
0.03,0.01,0.25
0.03,0.01,0.25
0.03,0.01,0.25
0.03,0.01,0.25
0.03,0.01,0.25
0.03,0.01,0.25
0.03,0.01,0.25
0.03,0.01,0.25
0.03,0.01,0.25
0.03,0.01,0.25
0.03,0.01,0.25
0.03,0.01,0.25
0.03,0.01,0.24
0.03,0.01,0.24
0.03,0.01,0.24
0.03,0.01,0.24
0.03,0.01,0.24
0.03,0.01,0.24
0.03,0.01,0.24
0.03,0.01,0.24
0.03,0.01,0.24
0.03,0.01,0.24
0.03,0.01,0.24
0.03,0.01,0.24
0.03,0.01,0.24
0.03,0.01,0.24
0.03,0.01,0.24
0.03,0.02,0.24
0.03,0.01,0.24
0.03,0.01,0.24
0.03,0.01,0.24
0.03,0.01,0.24
0.03,0.01,0.24
0.03,0.01,0.24
0.03,0.01,0.24
0.03,0.01,0.24
0.03,0.01,0.24
0.03,0.01,0.24
0.03,0.01,0.24
0.03,0.01,0.24
0.03,0.01,0.24
0.03,0.01,0.24
0.03,0.01,0.25
0.03,0.01,0.25
0.03,0.01,0.24
0.03,0.01,0.24
0.03,0.01,0.25
0.03,0.01,0.25
0.03,0.01,0.25
0.03,0.01,0.25
0.03,0.01,0.25
0.03,0.01,0.25
0.03,0.01,0.25
0.03,0.01,0.25
0.03,0.01,0.25
0.03,0.01,0.25
0.03,0.01,0.25
0.03,0.01,0.25
0.03,0.01,0.25
0.03,0.01,0.25
0.03,0.01,0.25
0.03,0.01,0.25
0.03,0.01,0.25
0.03,0.01,0.25
0.03,0.01,0.25
0.03,0.01,0.25
0.02,0.01,0.24
0.02,0.01,0.24
0.02,0.01,0.24
0.02,0.01,0.24
0.02,0.01,0.24
0.02,0.01,0.24
0.02,0.02,0.24
0.02,0.02,0.24
0.03,0.02,0.25
0.02,0.01,0.24
0.02,0.01,0.24
0.03,0.01,0.25
0.03,0.01,0.25
0.03,0.01,0.25
0.03,0.01,0.25
0.03,0.01,0.25
0.03,0.01,0.25
0.03,0.01,0.25
0.03,0.01,0.25
0.03,0.01,0.25
0.03,0.01,0.25
0.03,0.01,0.25
0.03,0.01,0.25
0.03,0.01,0.25
0.03,0.01,0.25
0.03,0.01,0.25
0.02,0.01,0.24
0.02,0.01,0.24
0.02,0.01,0.24
0.02,0.01,0.24
0.02,0.01,0.24
0.02,0.01,0.24
0.02,0.01,0.24
0.02,0.01,0.24
0.02,0.01,0.24
0.02,0.01,0.24
0.02,0.01,0.24
0.02,0.01,0.24
0.02,0.01,0.24
0.02,0.01,0.24
0.02,0.01,0.24
0.02,0.01,0.24
0.02,0.01,0.24
0.02,0.01,0.24
0.02,0.01,0.24
0.01,0.01,0.24
0.01,0.01,0.24
0.01,0.01,0.24
0.01,0.01,0.24
0.01,0.01,0.24
0.01,0.01,0.24
0.01,0.01,0.24
0.01,0.01,0.24
0.01,0.01,0.24
0.01,0.01,0.24
0.02,0.01,0.24
0.02,0.01,0.24
0.02,0.01,0.24
0.02,0.01,0.24
0.02,0.01,0.24
0.02,0.01,0.24
0.02,0.01,0.24
0.02,0.01,0.24
0.02,0.01,0.24
0.02,0.01,0.24
0.02,0.01,0.24
0.02,0.01,0.24
0.02,0.01,0.24
0.02,0.01,0.24
0.02,0.01,0.24
0.02,0.01,0.24
0.02,0.01,0.24
0.02,0.01,0.24
0.02,0.01,0.24
0.02,0.01,0.24
0.02,0.01,0.24
0.02,0.01,0.24
0.02,0.01,0.24
0.02,0.01,0.24
0.02,0.01,0.24
0.02,0.01,0.24
0.02,0.01,0.24
0.02,0.01,0.24
0.02,0.01,0.24
0.02,0.01,0.24
0.02,0.01,0.24
0.02,0.01,0.24
0.02,0.01,0.24
0.02,0.01,0.24
0.02,0.01,0.24
0.02,0.01,0.24
0.02,0.01,0.24
0.02,0.01,0.25
0.02,0.01,0.25
0.03,0.01,0.25
0.02,0.01,0.24
0.02,0.01,0.24
0.03,0.01,0.25
0.03,0.01,0.25
0.02,0.01,0.24
0.02,0.01,0.24
0.02,0.01,0.24
0.02,0.01,0.24
0.02,0.01,0.24
0.02,0.01,0.24
0.02,0.01,0.24
0.02,0.01,0.24
0.02,0.01,0.24
0.02,0.01,0.24
0.02,0.01,0.24
0.02,0.01,0.25
0.02,0.01,0.25
0.02,0.01,0.25
0.02,0.01,0.25
0.02,0.01,0.24
0.03,0.01,0.25
0.03,0.01,0.25
0.03,0.01,0.25
0.03,0.01,0.24
0.03,0.01,0.24
0.03,0.01,0.24
0.03,0.01,0.24
0.02,0.01,0.24
0.02,0.01,0.24
0.02,0.01,0.24
0.02,0.01,0.24
0.02,0.01,0.24
0.02,0.01,0.24
0.02,0.01,0.24
0.02,0.01,0.24
0.02,0.01,0.24
0.02,0.01,0.24
0.02,0.01,0.24
0.02,0.01,0.24
0.02,0.01,0.24
0.02,0.01,0.24
0.02,0.01,0.24
0.02,0.01,0.24
0.02,0.01,0.24
0.02,0.01,0.24
0.02,0.01,0.24
0.02,0.01,0.24
0.02,0.01,0.24
